path,writer_id,split
7-IMG_MAX_10038.png,7,train
7-IMG_MAX_10045.png,7,train
7-IMG_MAX_10051.png,7,train
11-IMG_MAX_1005478.png,11,train
11-IMG_MAX_1005484.png,11,train
11-IMG_MAX_1005485.png,11,train
22-IMG_MAX_1005590.png,22,train
22-IMG_MAX_1123791.png,22,train
22-IMG_MAX_926690.png,22,train
36-IMG_MAX_1005868.png,36,train
36-IMG_MAX_1005869.png,36,train
36-IMG_MAX_1005870.png,36,train
44-IMG_MAX_1006051.png,44,train
44-IMG_MAX_1006052.png,44,train
44-IMG_MAX_1123837.png,44,train
55-IMG_MAX_1006242.png,55,train
55-IMG_MAX_1006243.png,55,train
55-IMG_MAX_1006244.png,55,train
59-IMG_MAX_1006289.png,59,train
59-IMG_MAX_1006290.png,59,train
59-IMG_MAX_1006291.png,59,train
62-IMG_MAX_1006317.png,62,train
62-IMG_MAX_1093159.png,62,train
62-IMG_MAX_1093161.png,62,train
67-IMG_MAX_1006355.png,67,train
67-IMG_MAX_1006356.png,67,train
67-IMG_MAX_1006357.png,67,train
86-IMG_MAX_1006543.png,86,train
86-IMG_MAX_1006544.png,86,train
86-IMG_MAX_65138.png,86,train
95-IMG_MAX_1007744.png,95,train
95-IMG_MAX_820930.png,95,train
95-IMG_MAX_820931.png,95,train
100-IMG_MAX_1007803.png,100,train
100-IMG_MAX_1012069.png,100,train
100-IMG_MAX_821210.png,100,train
115-IMG_MAX_1008089.png,115,train
115-IMG_MAX_1008091.png,115,train
115-IMG_MAX_1008092.png,115,train
138-IMG_MAX_10121.png,138,train
138-IMG_MAX_10128.png,138,train
138-IMG_MAX_10134.png,138,train
145-IMG_MAX_1011964.png,145,train
145-IMG_MAX_1011965.png,145,train
145-IMG_MAX_1012153.png,145,train
148-IMG_MAX_1012013.png,148,train
148-IMG_MAX_1012014.png,148,train
148-IMG_MAX_1012015.png,148,train
156-IMG_MAX_1012145.png,156,train
156-IMG_MAX_986879.png,156,train
156-IMG_MAX_986880.png,156,train
171-IMG_MAX_10154.png,171,train
171-IMG_MAX_308645.png,171,train
171-IMG_MAX_318284.png,171,train
174-IMG_MAX_10169.png,174,train
174-IMG_MAX_10178.png,174,train
174-IMG_MAX_10185.png,174,train
176-IMG_MAX_1017545.png,176,train
176-IMG_MAX_1017546.png,176,train
176-IMG_MAX_1017548.png,176,train
180-IMG_MAX_1017591.png,180,train
180-IMG_MAX_1017597.png,180,train
180-IMG_MAX_1017612.png,180,train
189-IMG_MAX_1017759.png,189,train
189-IMG_MAX_1017760.png,189,train
189-IMG_MAX_1093523.png,189,train
194-IMG_MAX_1017811.png,194,train
194-IMG_MAX_1017812.png,194,train
194-IMG_MAX_1017827.png,194,train
196-IMG_MAX_1018733.png,196,train
196-IMG_MAX_1018749.png,196,train
196-IMG_MAX_1327939.png,196,train
201-IMG_MAX_10192.png,201,train
201-IMG_MAX_10198.png,201,train
201-IMG_MAX_10205.png,201,train
218-IMG_MAX_1019460.png,218,train
218-IMG_MAX_1019486.png,218,train
218-IMG_MAX_1019538.png,218,train
233-IMG_MAX_1022614.png,233,train
233-IMG_MAX_657759.png,233,train
233-IMG_MAX_657760.png,233,train
236-IMG_MAX_1022844.png,236,train
236-IMG_MAX_1022845.png,236,train
236-IMG_MAX_1022846.png,236,train
239-IMG_MAX_1023000.png,239,train
239-IMG_MAX_1023001.png,239,train
239-IMG_MAX_1023014.png,239,train
247-IMG_MAX_612845.png,247,train
247-IMG_MAX_612846.png,247,train
247-IMG_MAX_613002.png,247,train
248-IMG_MAX_1024035.png,248,train
248-IMG_MAX_1024037.png,248,train
248-IMG_MAX_612618.png,248,train
249-IMG_MAX_1024043.png,249,train
249-IMG_MAX_1024049.png,249,train
249-IMG_MAX_1024055.png,249,train
251-IMG_MAX_1024091.png,251,train
251-IMG_MAX_85150.png,251,train
251-IMG_MAX_85151.png,251,train
257-IMG_MAX_1024245.png,257,train
257-IMG_MAX_1024246.png,257,train
257-IMG_MAX_1024247.png,257,train
265-IMG_MAX_1024357.png,265,train
265-IMG_MAX_643131.png,265,train
265-IMG_MAX_643145.png,265,train
287-IMG_MAX_43703.png,287,train
287-IMG_MAX_43704.png,287,train
287-IMG_MAX_43712.png,287,train
288-IMG_MAX_43678.png,288,train
288-IMG_MAX_43685.png,288,train
288-IMG_MAX_43686.png,288,train
295-IMG_MAX_1028088.png,295,train
295-IMG_MAX_1028089.png,295,train
295-IMG_MAX_1028090.png,295,train
297-IMG_MAX_1028180.png,297,train
297-IMG_MAX_1028181.png,297,train
297-IMG_MAX_1028194.png,297,train
315-IMG_MAX_1029023.png,315,train
315-IMG_MAX_1029055.png,315,train
315-IMG_MAX_115491.png,315,train
331-IMG_MAX_1029248.png,331,train
331-IMG_MAX_1029261.png,331,train
331-IMG_MAX_1029262.png,331,train
343-IMG_MAX_1031298.png,343,train
343-IMG_MAX_115410.png,343,train
343-IMG_MAX_115411.png,343,train
356-IMG_MAX_1031858.png,356,train
356-IMG_MAX_1031878.png,356,train
356-IMG_MAX_1031898.png,356,train
357-IMG_MAX_1031864.png,357,train
357-IMG_MAX_1031866.png,357,train
357-IMG_MAX_1031891.png,357,train
358-IMG_MAX_1031951.png,358,train
358-IMG_MAX_1032076.png,358,train
358-IMG_MAX_1032164.png,358,train
365-IMG_MAX_1032090.png,365,train
365-IMG_MAX_1032092.png,365,train
365-IMG_MAX_1032170.png,365,train
377-IMG_MAX_1040070.png,377,train
377-IMG_MAX_1040076.png,377,train
377-IMG_MAX_1040077.png,377,train
403-IMG_MAX_1063259.png,403,train
403-IMG_MAX_1063260.png,403,train
403-IMG_MAX_1063261.png,403,train
407-IMG_MAX_1063433.png,407,train
407-IMG_MAX_1063441.png,407,train
407-IMG_MAX_1063449.png,407,train
417-IMG_MAX_1063775.png,417,train
417-IMG_MAX_1063776.png,417,train
417-IMG_MAX_1063777.png,417,train
418-IMG_MAX_1063784.png,418,train
418-IMG_MAX_1063790.png,418,train
418-IMG_MAX_1063796.png,418,train
422-IMG_MAX_1064261.png,422,train
422-IMG_MAX_1064263.png,422,train
422-IMG_MAX_1064264.png,422,train
427-IMG_MAX_1064403.png,427,train
427-IMG_MAX_1064404.png,427,train
427-IMG_MAX_1064413.png,427,train
432-IMG_MAX_1064503.png,432,train
432-IMG_MAX_1064504.png,432,train
432-IMG_MAX_1064505.png,432,train
438-IMG_MAX_1064563.png,438,train
438-IMG_MAX_1064564.png,438,train
438-IMG_MAX_1064565.png,438,train
456-IMG_MAX_1064726.png,456,train
456-IMG_MAX_1064727.png,456,train
456-IMG_MAX_1064733.png,456,train
457-IMG_MAX_1064757.png,457,train
457-IMG_MAX_1064758.png,457,train
457-IMG_MAX_1064765.png,457,train
458-IMG_MAX_1064823.png,458,train
458-IMG_MAX_1064824.png,458,train
458-IMG_MAX_1064825.png,458,train
462-IMG_MAX_1064870.png,462,train
462-IMG_MAX_1064885.png,462,train
462-IMG_MAX_1064886.png,462,train
464-IMG_MAX_1064915.png,464,train
464-IMG_MAX_1064923.png,464,train
464-IMG_MAX_1064940.png,464,train
472-IMG_MAX_1065066.png,472,train
472-IMG_MAX_1065067.png,472,train
472-IMG_MAX_1065072.png,472,train
478-IMG_MAX_10710.png,478,train
478-IMG_MAX_10711.png,478,train
478-IMG_MAX_10719.png,478,train
504-IMG_MAX_107663.png,504,train
504-IMG_MAX_107671.png,504,train
504-IMG_MAX_276590.png,504,train
513-IMG_MAX_107891.png,513,train
513-IMG_MAX_107898.png,513,train
513-IMG_MAX_43885.png,513,train
516-IMG_MAX_107926.png,516,train
516-IMG_MAX_107933.png,516,train
516-IMG_MAX_107943.png,516,train
525-IMG_MAX_108055.png,525,train
525-IMG_MAX_108078.png,525,train
525-IMG_MAX_85096.png,525,train
526-IMG_MAX_108127.png,526,train
526-IMG_MAX_108148.png,526,train
526-IMG_MAX_881734.png,526,train
531-IMG_MAX_108215.png,531,train
531-IMG_MAX_108222.png,531,train
531-IMG_MAX_108245.png,531,train
538-IMG_MAX_108356.png,538,train
538-IMG_MAX_108370.png,538,train
538-IMG_MAX_43420.png,538,train
549-IMG_MAX_1084546.png,549,train
549-IMG_MAX_1084552.png,549,train
549-IMG_MAX_1084565.png,549,train
559-IMG_MAX_1084716.png,559,train
559-IMG_MAX_276640.png,559,train
559-IMG_MAX_276647.png,559,train
570-IMG_MAX_1084936.png,570,train
570-IMG_MAX_1084954.png,570,train
570-IMG_MAX_1084986.png,570,train
590-IMG_MAX_1086542.png,590,train
590-IMG_MAX_1086543.png,590,train
590-IMG_MAX_1086746.png,590,train
604-IMG_MAX_1086688.png,604,train
604-IMG_MAX_1086732.png,604,train
604-IMG_MAX_1086733.png,604,train
608-IMG_MAX_1086738.png,608,train
608-IMG_MAX_1086739.png,608,train
608-IMG_MAX_1086740.png,608,train
618-IMG_MAX_1087233.png,618,train
618-IMG_MAX_63076.png,618,train
618-IMG_MAX_63083.png,618,train
621-IMG_MAX_1087393.png,621,train
621-IMG_MAX_1087394.png,621,train
621-IMG_MAX_1087409.png,621,train
626-IMG_MAX_1087449.png,626,train
626-IMG_MAX_1087455.png,626,train
626-IMG_MAX_1087471.png,626,train
654-IMG_MAX_1093105.png,654,train
654-IMG_MAX_1093111.png,654,train
654-IMG_MAX_1093135.png,654,train
655-IMG_MAX_1093141.png,655,train
655-IMG_MAX_1093153.png,655,train
655-IMG_MAX_1093173.png,655,train
662-IMG_MAX_1093397.png,662,train
662-IMG_MAX_1093405.png,662,train
662-IMG_MAX_1093411.png,662,train
672-IMG_MAX_1095375.png,672,train
672-IMG_MAX_764173.png,672,train
672-IMG_MAX_764237.png,672,train
683-IMG_MAX_1095551.png,683,train
683-IMG_MAX_1095557.png,683,train
683-IMG_MAX_1095569.png,683,train
686-IMG_MAX_764093.png,686,train
686-IMG_MAX_764097.png,686,train
686-IMG_MAX_764098.png,686,train
702-IMG_MAX_1095975.png,702,train
702-IMG_MAX_1095987.png,702,train
702-IMG_MAX_1096031.png,702,train
741-IMG_MAX_1105425.png,741,train
741-IMG_MAX_1105431.png,741,train
741-IMG_MAX_1105437.png,741,train
756-IMG_MAX_1105636.png,756,train
756-IMG_MAX_1105642.png,756,train
756-IMG_MAX_1105647.png,756,train
769-IMG_MAX_1105758.png,769,train
769-IMG_MAX_1105759.png,769,train
769-IMG_MAX_1105760.png,769,train
778-IMG_MAX_1105821.png,778,train
778-IMG_MAX_1105822.png,778,train
778-IMG_MAX_952296.png,778,train
785-IMG_MAX_1105879.png,785,train
785-IMG_MAX_1105880.png,785,train
785-IMG_MAX_1105881.png,785,train
788-IMG_MAX_1105901.png,788,train
788-IMG_MAX_1105907.png,788,train
788-IMG_MAX_1105913.png,788,train
794-IMG_MAX_1105962.png,794,train
794-IMG_MAX_1105963.png,794,train
794-IMG_MAX_1105999.png,794,train
810-IMG_MAX_1106088.png,810,train
810-IMG_MAX_1106093.png,810,train
810-IMG_MAX_1106099.png,810,train
830-IMG_MAX_1120865.png,830,train
830-IMG_MAX_1120866.png,830,train
830-IMG_MAX_1120867.png,830,train
845-IMG_MAX_112414.png,845,train
845-IMG_MAX_112421.png,845,train
845-IMG_MAX_112428.png,845,train
847-IMG_MAX_112449.png,847,train
847-IMG_MAX_112450.png,847,train
847-IMG_MAX_112458.png,847,train
849-IMG_MAX_112512.png,849,train
849-IMG_MAX_966305.png,849,train
849-IMG_MAX_966311.png,849,train
854-IMG_MAX_1125464.png,854,train
854-IMG_MAX_1125482.png,854,train
854-IMG_MAX_1125494.png,854,train
863-IMG_MAX_112597.png,863,train
863-IMG_MAX_112604.png,863,train
863-IMG_MAX_112605.png,863,train
873-IMG_MAX_1126524.png,873,train
873-IMG_MAX_1126529.png,873,train
873-IMG_MAX_1126530.png,873,train
894-IMG_MAX_1126755.png,894,train
894-IMG_MAX_1126756.png,894,train
894-IMG_MAX_1126761.png,894,train
905-IMG_MAX_1126850.png,905,train
905-IMG_MAX_1126851.png,905,train
905-IMG_MAX_1126852.png,905,train
912-IMG_MAX_112745.png,912,train
912-IMG_MAX_112747.png,912,train
912-IMG_MAX_112748.png,912,train
920-IMG_MAX_113039.png,920,train
920-IMG_MAX_113040.png,920,train
920-IMG_MAX_572334.png,920,train
962-IMG_MAX_115575.png,962,train
962-IMG_MAX_115576.png,962,train
962-IMG_MAX_1217331.png,962,train
967-IMG_MAX_115731.png,967,train
967-IMG_MAX_115752.png,967,train
967-IMG_MAX_115759.png,967,train
970-IMG_MAX_115868.png,970,train
970-IMG_MAX_115875.png,970,train
970-IMG_MAX_115882.png,970,train
971-IMG_MAX_115889.png,971,train
971-IMG_MAX_115904.png,971,train
971-IMG_MAX_115905.png,971,train
972-IMG_MAX_115911.png,972,train
972-IMG_MAX_115918.png,972,train
972-IMG_MAX_115925.png,972,train
995-IMG_MAX_116304.png,995,train
995-IMG_MAX_116305.png,995,train
995-IMG_MAX_116306.png,995,train
1000-IMG_MAX_116390.png,1000,train
1000-IMG_MAX_116391.png,1000,train
1000-IMG_MAX_116394.png,1000,train
1010-IMG_MAX_116510.png,1010,train
1010-IMG_MAX_116511.png,1010,train
1010-IMG_MAX_116512.png,1010,train
1027-IMG_MAX_116726.png,1027,train
1027-IMG_MAX_43058.png,1027,train
1027-IMG_MAX_43060.png,1027,train
1028-IMG_MAX_116732.png,1028,train
1028-IMG_MAX_116739.png,1028,train
1028-IMG_MAX_116740.png,1028,train
1029-IMG_MAX_116746.png,1029,train
1029-IMG_MAX_43080.png,1029,train
1029-IMG_MAX_43081.png,1029,train
1030-IMG_MAX_1217119.png,1030,train
1030-IMG_MAX_572725.png,1030,train
1030-IMG_MAX_572732.png,1030,train
1033-IMG_MAX_1207443.png,1033,train
1033-IMG_MAX_1207444.png,1033,train
1033-IMG_MAX_1428751.png,1033,train
1039-IMG_MAX_922037.png,1039,train
1039-IMG_MAX_922042.png,1039,train
1039-IMG_MAX_922048.png,1039,train
1042-IMG_MAX_1123582.png,1042,train
1042-IMG_MAX_820980.png,1042,train
1042-IMG_MAX_820981.png,1042,train
1045-IMG_MAX_1123608.png,1045,train
1045-IMG_MAX_1123609.png,1045,train
1045-IMG_MAX_935735.png,1045,train
1057-IMG_MAX_1123727.png,1057,train
1057-IMG_MAX_1123728.png,1057,train
1057-IMG_MAX_1123729.png,1057,train
1060-IMG_MAX_1123755.png,1060,train
1060-IMG_MAX_1123757.png,1060,train
1060-IMG_MAX_927102.png,1060,train
1076-IMG_MAX_1123821.png,1076,train
1076-IMG_MAX_1123822.png,1076,train
1076-IMG_MAX_1123823.png,1076,train
1081-IMG_MAX_1123885.png,1081,train
1081-IMG_MAX_1123886.png,1081,train
1081-IMG_MAX_1123887.png,1081,train
1082-IMG_MAX_1123895.png,1082,train
1082-IMG_MAX_1123897.png,1082,train
1082-IMG_MAX_927076.png,1082,train
1106-IMG_MAX_1180501.png,1106,train
1106-IMG_MAX_1180541.png,1106,train
1106-IMG_MAX_1180547.png,1106,train
1107-IMG_MAX_1180523.png,1107,train
1107-IMG_MAX_1180530.png,1107,train
1107-IMG_MAX_85168.png,1107,train
1114-IMG_MAX_1207399.png,1114,train
1114-IMG_MAX_1207400.png,1114,train
1114-IMG_MAX_1207401.png,1114,train
1119-IMG_MAX_1207450.png,1119,train
1119-IMG_MAX_1207451.png,1119,train
1119-IMG_MAX_1207452.png,1119,train
1131-IMG_MAX_1207568.png,1131,train
1131-IMG_MAX_1207569.png,1131,train
1131-IMG_MAX_1207570.png,1131,train
1137-IMG_MAX_1207609.png,1137,train
1137-IMG_MAX_1207610.png,1137,train
1137-IMG_MAX_1207612.png,1137,train
1146-IMG_MAX_1207684.png,1146,train
1146-IMG_MAX_1207692.png,1146,train
1146-IMG_MAX_65132.png,1146,train
1155-IMG_MAX_1207812.png,1155,train
1155-IMG_MAX_1207813.png,1155,train
1155-IMG_MAX_1207815.png,1155,train
1166-IMG_MAX_1207897.png,1166,train
1166-IMG_MAX_308638.png,1166,train
1166-IMG_MAX_42727.png,1166,train
1183-IMG_MAX_1208202.png,1183,train
1183-IMG_MAX_1208203.png,1183,train
1183-IMG_MAX_1208204.png,1183,train
1186-IMG_MAX_1208223.png,1186,train
1186-IMG_MAX_1208224.png,1186,train
1186-IMG_MAX_1208231.png,1186,train
1192-IMG_MAX_1208277.png,1192,train
1192-IMG_MAX_1208278.png,1192,train
1192-IMG_MAX_1208279.png,1192,train
1208-IMG_MAX_1208457.png,1208,train
1208-IMG_MAX_1208458.png,1208,train
1208-IMG_MAX_1208459.png,1208,train
1224-IMG_MAX_1208653.png,1224,train
1224-IMG_MAX_1208654.png,1224,train
1224-IMG_MAX_1208655.png,1224,train
1232-IMG_MAX_1208722.png,1232,train
1232-IMG_MAX_1208723.png,1232,train
1232-IMG_MAX_1208724.png,1232,train
1236-IMG_MAX_1208750.png,1236,train
1236-IMG_MAX_1208751.png,1236,train
1236-IMG_MAX_1208752.png,1236,train
1243-IMG_MAX_1208841.png,1243,train
1243-IMG_MAX_1208842.png,1243,train
1243-IMG_MAX_1208843.png,1243,train
1263-IMG_MAX_1209053.png,1263,train
1263-IMG_MAX_1209059.png,1263,train
1263-IMG_MAX_1209060.png,1263,train
1269-IMG_MAX_1216922.png,1269,train
1269-IMG_MAX_1216929.png,1269,train
1269-IMG_MAX_1217393.png,1269,train
1278-IMG_MAX_1217065.png,1278,train
1278-IMG_MAX_1217066.png,1278,train
1278-IMG_MAX_1217067.png,1278,train
1279-IMG_MAX_1217073.png,1279,train
1279-IMG_MAX_1217074.png,1279,train
1279-IMG_MAX_1217075.png,1279,train
1283-IMG_MAX_1217102.png,1283,train
1283-IMG_MAX_1217173.png,1283,train
1283-IMG_MAX_1217179.png,1283,train
1295-IMG_MAX_1217274.png,1295,train
1295-IMG_MAX_1217275.png,1295,train
1295-IMG_MAX_1217276.png,1295,train
1296-IMG_MAX_1217287.png,1296,train
1296-IMG_MAX_1217288.png,1296,train
1296-IMG_MAX_1217373.png,1296,train
1311-IMG_MAX_131170.png,1311,train
1311-IMG_MAX_131177.png,1311,train
1311-IMG_MAX_131212.png,1311,train
1317-IMG_MAX_131436.png,1317,train
1317-IMG_MAX_131437.png,1317,train
1317-IMG_MAX_131445.png,1317,train
1320-IMG_MAX_131489.png,1320,train
1320-IMG_MAX_821239.png,1320,train
1320-IMG_MAX_821240.png,1320,train
1330-IMG_MAX_131692.png,1330,train
1330-IMG_MAX_131741.png,1330,train
1330-IMG_MAX_131755.png,1330,train
1337-IMG_MAX_131912.png,1337,train
1337-IMG_MAX_309971.png,1337,train
1337-IMG_MAX_320060.png,1337,train
1346-IMG_MAX_132034.png,1346,train
1346-IMG_MAX_132041.png,1346,train
1346-IMG_MAX_132042.png,1346,train
1352-IMG_MAX_1327931.png,1352,train
1352-IMG_MAX_1327932.png,1352,train
1352-IMG_MAX_1327934.png,1352,train
1355-IMG_MAX_1328001.png,1355,train
1355-IMG_MAX_1328007.png,1355,train
1355-IMG_MAX_1328183.png,1355,train
1373-IMG_MAX_274269.png,1373,train
1373-IMG_MAX_274275.png,1373,train
1373-IMG_MAX_276633.png,1373,train
1378-IMG_MAX_1328349.png,1378,train
1378-IMG_MAX_1328393.png,1378,train
1378-IMG_MAX_1328395.png,1378,train
1390-IMG_MAX_1361970.png,1390,train
1390-IMG_MAX_1361972.png,1390,train
1390-IMG_MAX_1361973.png,1390,train
1393-IMG_MAX_1362233.png,1393,train
1393-IMG_MAX_1362239.png,1393,train
1393-IMG_MAX_1362247.png,1393,train
1450-IMG_MAX_1378602.png,1450,train
1450-IMG_MAX_1378603.png,1450,train
1450-IMG_MAX_820998.png,1450,train
1465-IMG_MAX_1378746.png,1465,train
1465-IMG_MAX_1378936.png,1465,train
1465-IMG_MAX_1378938.png,1465,train
1469-IMG_MAX_1378780.png,1469,train
1469-IMG_MAX_1378782.png,1469,train
1469-IMG_MAX_1378783.png,1469,train
1471-IMG_MAX_1378803.png,1471,train
1471-IMG_MAX_1378820.png,1471,train
1471-IMG_MAX_310331.png,1471,train
1476-IMG_MAX_1378876.png,1476,train
1476-IMG_MAX_1378878.png,1476,train
1476-IMG_MAX_642821.png,1476,train
1479-IMG_MAX_1378931.png,1479,train
1479-IMG_MAX_825047.png,1479,train
1479-IMG_MAX_825048.png,1479,train
1480-IMG_MAX_1378958.png,1480,train
1480-IMG_MAX_991569.png,1480,train
1480-IMG_MAX_991572.png,1480,train
1481-IMG_MAX_308432.png,1481,train
1481-IMG_MAX_626819.png,1481,train
1481-IMG_MAX_954974.png,1481,train
1485-IMG_MAX_1379006.png,1485,train
1485-IMG_MAX_1379008.png,1485,train
1485-IMG_MAX_1379009.png,1485,train
1493-IMG_MAX_1383302.png,1493,train
1493-IMG_MAX_1383303.png,1493,train
1493-IMG_MAX_1383304.png,1493,train
1499-IMG_MAX_1383524.png,1499,train
1499-IMG_MAX_1383532.png,1499,train
1499-IMG_MAX_1383534.png,1499,train
1504-IMG_MAX_1383666.png,1504,train
1504-IMG_MAX_1383667.png,1504,train
1504-IMG_MAX_1383668.png,1504,train
1506-IMG_MAX_1383692.png,1506,train
1506-IMG_MAX_1383713.png,1506,train
1506-IMG_MAX_1383714.png,1506,train
1525-IMG_MAX_139447.png,1525,train
1525-IMG_MAX_139456.png,1525,train
1525-IMG_MAX_139464.png,1525,train
1537-IMG_MAX_1420214.png,1537,train
1537-IMG_MAX_1420216.png,1537,train
1537-IMG_MAX_1420222.png,1537,train
1548-IMG_MAX_1443057.png,1548,train
1548-IMG_MAX_1443065.png,1548,train
1548-IMG_MAX_1443077.png,1548,train
1552-IMG_MAX_1443297.png,1552,train
1552-IMG_MAX_1443298.png,1552,train
1552-IMG_MAX_1443300.png,1552,train
1553-IMG_MAX_1444492.png,1553,train
1553-IMG_MAX_1444503.png,1553,train
1553-IMG_MAX_1444511.png,1553,train
1562-IMG_MAX_176764.png,1562,train
1562-IMG_MAX_49382.png,1562,train
1562-IMG_MAX_49405.png,1562,train
1563-IMG_MAX_176770.png,1563,train
1563-IMG_MAX_176771.png,1563,train
1563-IMG_MAX_176772.png,1563,train
1564-IMG_MAX_176779.png,1564,train
1564-IMG_MAX_319397.png,1564,train
1564-IMG_MAX_319398.png,1564,train
1567-IMG_MAX_176838.png,1567,train
1567-IMG_MAX_176851.png,1567,train
1567-IMG_MAX_176858.png,1567,train
1572-IMG_MAX_177260.png,1572,train
1572-IMG_MAX_926912.png,1572,train
1572-IMG_MAX_926913.png,1572,train
1575-IMG_MAX_177322.png,1575,train
1575-IMG_MAX_177323.png,1575,train
1575-IMG_MAX_177346.png,1575,train
1579-IMG_MAX_177374.png,1579,train
1579-IMG_MAX_177375.png,1579,train
1579-IMG_MAX_177383.png,1579,train
1604-IMG_MAX_179362.png,1604,train
1604-IMG_MAX_179363.png,1604,train
1604-IMG_MAX_319879.png,1604,train
1609-IMG_MAX_197169.png,1609,train
1609-IMG_MAX_197175.png,1609,train
1609-IMG_MAX_197184.png,1609,train
1621-IMG_MAX_221587.png,1621,train
1621-IMG_MAX_221891.png,1621,train
1621-IMG_MAX_222075.png,1621,train
1632-IMG_MAX_221675.png,1632,train
1632-IMG_MAX_221898.png,1632,train
1632-IMG_MAX_222308.png,1632,train
1647-IMG_MAX_221862.png,1647,train
1647-IMG_MAX_222062.png,1647,train
1647-IMG_MAX_222873.png,1647,train
1656-IMG_MAX_222012.png,1656,train
1656-IMG_MAX_222013.png,1656,train
1656-IMG_MAX_222014.png,1656,train
1661-IMG_MAX_222048.png,1661,train
1661-IMG_MAX_222049.png,1661,train
1661-IMG_MAX_222055.png,1661,train
1672-IMG_MAX_222190.png,1672,train
1672-IMG_MAX_222191.png,1672,train
1672-IMG_MAX_222763.png,1672,train
1673-IMG_MAX_222197.png,1673,train
1673-IMG_MAX_222227.png,1673,train
1673-IMG_MAX_222228.png,1673,train
1674-IMG_MAX_222217.png,1674,train
1674-IMG_MAX_222218.png,1674,train
1674-IMG_MAX_222219.png,1674,train
1695-IMG_MAX_222524.png,1695,train
1695-IMG_MAX_222893.png,1695,train
1695-IMG_MAX_222920.png,1695,train
1699-IMG_MAX_222564.png,1699,train
1699-IMG_MAX_222614.png,1699,train
1699-IMG_MAX_222729.png,1699,train
1718-IMG_MAX_222913.png,1718,train
1718-IMG_MAX_222928.png,1718,train
1718-IMG_MAX_222934.png,1718,train
1722-IMG_MAX_222981.png,1722,train
1722-IMG_MAX_222988.png,1722,train
1722-IMG_MAX_222994.png,1722,train
1724-IMG_MAX_223014.png,1724,train
1724-IMG_MAX_223015.png,1724,train
1724-IMG_MAX_223021.png,1724,train
1725-IMG_MAX_223035.png,1725,train
1725-IMG_MAX_223036.png,1725,train
1725-IMG_MAX_223110.png,1725,train
1730-IMG_MAX_273361.png,1730,train
1730-IMG_MAX_642545.png,1730,train
1730-IMG_MAX_820955.png,1730,train
1734-IMG_MAX_273699.png,1734,train
1734-IMG_MAX_273706.png,1734,train
1734-IMG_MAX_273707.png,1734,train
1740-IMG_MAX_273954.png,1740,train
1740-IMG_MAX_273961.png,1740,train
1740-IMG_MAX_273967.png,1740,train
1744-IMG_MAX_274032.png,1744,train
1744-IMG_MAX_274039.png,1744,train
1744-IMG_MAX_274040.png,1744,train
1746-IMG_MAX_274132.png,1746,train
1746-IMG_MAX_274139.png,1746,train
1746-IMG_MAX_274140.png,1746,train
1771-IMG_MAX_275189.png,1771,train
1771-IMG_MAX_275196.png,1771,train
1771-IMG_MAX_275197.png,1771,train
1796-IMG_MAX_276052.png,1796,train
1796-IMG_MAX_276053.png,1796,train
1796-IMG_MAX_318897.png,1796,train
1798-IMG_MAX_276118.png,1798,train
1798-IMG_MAX_276119.png,1798,train
1798-IMG_MAX_276133.png,1798,train
1803-IMG_MAX_276597.png,1803,train
1803-IMG_MAX_276598.png,1803,train
1803-IMG_MAX_276599.png,1803,train
1805-IMG_MAX_276620.png,1805,train
1805-IMG_MAX_276626.png,1805,train
1805-IMG_MAX_63593.png,1805,train
1807-IMG_MAX_276687.png,1807,train
1807-IMG_MAX_276694.png,1807,train
1807-IMG_MAX_276701.png,1807,train
1812-IMG_MAX_276844.png,1812,train
1812-IMG_MAX_276845.png,1812,train
1812-IMG_MAX_276846.png,1812,train
1825-IMG_MAX_276954.png,1825,train
1825-IMG_MAX_276955.png,1825,train
1825-IMG_MAX_276956.png,1825,train
1827-IMG_MAX_276976.png,1827,train
1827-IMG_MAX_276977.png,1827,train
1827-IMG_MAX_276978.png,1827,train
1828-IMG_MAX_276985.png,1828,train
1828-IMG_MAX_276986.png,1828,train
1828-IMG_MAX_276987.png,1828,train
1829-IMG_MAX_276994.png,1829,train
1829-IMG_MAX_276995.png,1829,train
1829-IMG_MAX_276996.png,1829,train
1830-IMG_MAX_277003.png,1830,train
1830-IMG_MAX_277004.png,1830,train
1830-IMG_MAX_277005.png,1830,train
1831-IMG_MAX_277012.png,1831,train
1831-IMG_MAX_277013.png,1831,train
1831-IMG_MAX_277014.png,1831,train
1832-IMG_MAX_277021.png,1832,train
1832-IMG_MAX_277022.png,1832,train
1832-IMG_MAX_277023.png,1832,train
1834-IMG_MAX_277037.png,1834,train
1834-IMG_MAX_277038.png,1834,train
1834-IMG_MAX_277039.png,1834,train
1839-IMG_MAX_277087.png,1839,train
1839-IMG_MAX_277088.png,1839,train
1839-IMG_MAX_277089.png,1839,train
1841-IMG_MAX_277102.png,1841,train
1841-IMG_MAX_277103.png,1841,train
1841-IMG_MAX_277104.png,1841,train
1843-IMG_MAX_277120.png,1843,train
1843-IMG_MAX_277121.png,1843,train
1843-IMG_MAX_277122.png,1843,train
1885-IMG_MAX_308631.png,1885,train
1885-IMG_MAX_318243.png,1885,train
1885-IMG_MAX_318250.png,1885,train
1916-IMG_MAX_309547.png,1916,train
1916-IMG_MAX_642615.png,1916,train
1916-IMG_MAX_642629.png,1916,train
1917-IMG_MAX_309554.png,1917,train
1917-IMG_MAX_309555.png,1917,train
1917-IMG_MAX_309563.png,1917,train
1920-IMG_MAX_309666.png,1920,train
1920-IMG_MAX_309673.png,1920,train
1920-IMG_MAX_66049.png,1920,train
1933-IMG_MAX_309861.png,1933,train
1933-IMG_MAX_43193.png,1933,train
1933-IMG_MAX_43200.png,1933,train
1935-IMG_MAX_309881.png,1935,train
1935-IMG_MAX_310270.png,1935,train
1935-IMG_MAX_310279.png,1935,train
1944-IMG_MAX_310033.png,1944,train
1944-IMG_MAX_310034.png,1944,train
1944-IMG_MAX_310035.png,1944,train
1950-IMG_MAX_310169.png,1950,train
1950-IMG_MAX_310176.png,1950,train
1950-IMG_MAX_310177.png,1950,train
1959-IMG_MAX_310302.png,1959,train
1959-IMG_MAX_310303.png,1959,train
1959-IMG_MAX_310304.png,1959,train
1962-IMG_MAX_310632.png,1962,train
1962-IMG_MAX_310638.png,1962,train
1962-IMG_MAX_310645.png,1962,train
1978-IMG_MAX_311225.png,1978,train
1978-IMG_MAX_311226.png,1978,train
1978-IMG_MAX_311227.png,1978,train
1980-IMG_MAX_311241.png,1980,train
1980-IMG_MAX_311247.png,1980,train
1980-IMG_MAX_311254.png,1980,train
1983-IMG_MAX_311281.png,1983,train
1983-IMG_MAX_311282.png,1983,train
1983-IMG_MAX_65992.png,1983,train
1989-IMG_MAX_317683.png,1989,train
1989-IMG_MAX_317685.png,1989,train
1989-IMG_MAX_317686.png,1989,train
1994-IMG_MAX_318101.png,1994,train
1994-IMG_MAX_318107.png,1994,train
1994-IMG_MAX_318114.png,1994,train
1999-IMG_MAX_318270.png,1999,train
1999-IMG_MAX_318277.png,1999,train
1999-IMG_MAX_318278.png,1999,train
2001-IMG_MAX_318297.png,2001,train
2001-IMG_MAX_318298.png,2001,train
2001-IMG_MAX_318299.png,2001,train
2003-IMG_MAX_318358.png,2003,train
2003-IMG_MAX_320099.png,2003,train
2003-IMG_MAX_320100.png,2003,train
2007-IMG_MAX_318393.png,2007,train
2007-IMG_MAX_318394.png,2007,train
2007-IMG_MAX_318402.png,2007,train
2035-IMG_MAX_319679.png,2035,train
2035-IMG_MAX_319680.png,2035,train
2035-IMG_MAX_319681.png,2035,train
2037-IMG_MAX_319847.png,2037,train
2037-IMG_MAX_319848.png,2037,train
2037-IMG_MAX_319849.png,2037,train
2047-IMG_MAX_320031.png,2047,train
2047-IMG_MAX_320032.png,2047,train
2047-IMG_MAX_320033.png,2047,train
2065-IMG_MAX_320846.png,2065,train
2065-IMG_MAX_320847.png,2065,train
2065-IMG_MAX_320855.png,2065,train
2071-IMG_MAX_321002.png,2071,train
2071-IMG_MAX_321003.png,2071,train
2071-IMG_MAX_321004.png,2071,train
2073-IMG_MAX_321018.png,2073,train
2073-IMG_MAX_321019.png,2073,train
2073-IMG_MAX_321020.png,2073,train
2076-IMG_MAX_321064.png,2076,train
2076-IMG_MAX_321065.png,2076,train
2076-IMG_MAX_321073.png,2076,train
2080-IMG_MAX_321527.png,2080,train
2080-IMG_MAX_321528.png,2080,train
2080-IMG_MAX_321529.png,2080,train
2086-IMG_MAX_42774.png,2086,train
2086-IMG_MAX_42775.png,2086,train
2086-IMG_MAX_42783.png,2086,train
2087-IMG_MAX_42790.png,2087,train
2087-IMG_MAX_42791.png,2087,train
2087-IMG_MAX_42792.png,2087,train
2098-IMG_MAX_43230.png,2098,train
2098-IMG_MAX_572748.png,2098,train
2098-IMG_MAX_572755.png,2098,train
2103-IMG_MAX_43411.png,2103,train
2103-IMG_MAX_43412.png,2103,train
2103-IMG_MAX_43413.png,2103,train
2106-IMG_MAX_43472.png,2106,train
2106-IMG_MAX_43478.png,2106,train
2106-IMG_MAX_43479.png,2106,train
2107-IMG_MAX_43530.png,2107,train
2107-IMG_MAX_43537.png,2107,train
2107-IMG_MAX_43538.png,2107,train
2111-IMG_MAX_43754.png,2111,train
2111-IMG_MAX_43755.png,2111,train
2111-IMG_MAX_43763.png,2111,train
2124-IMG_MAX_44044.png,2124,train
2124-IMG_MAX_655828.png,2124,train
2124-IMG_MAX_657240.png,2124,train
2127-IMG_MAX_44080.png,2127,train
2127-IMG_MAX_44081.png,2127,train
2127-IMG_MAX_661770.png,2127,train
2167-IMG_MAX_49245.png,2167,train
2167-IMG_MAX_49246.png,2167,train
2167-IMG_MAX_846479.png,2167,train
2177-IMG_MAX_49389.png,2177,train
2177-IMG_MAX_49390.png,2177,train
2177-IMG_MAX_49398.png,2177,train
2212-IMG_MAX_50466.png,2212,train
2212-IMG_MAX_50473.png,2212,train
2212-IMG_MAX_50480.png,2212,train
2238-IMG_MAX_572941.png,2238,train
2238-IMG_MAX_572955.png,2238,train
2238-IMG_MAX_572961.png,2238,train
2254-IMG_MAX_573137.png,2254,train
2254-IMG_MAX_573138.png,2254,train
2254-IMG_MAX_573139.png,2254,train
2257-IMG_MAX_573162.png,2257,train
2257-IMG_MAX_573163.png,2257,train
2257-IMG_MAX_573169.png,2257,train
2259-IMG_MAX_573183.png,2259,train
2259-IMG_MAX_573190.png,2259,train
2259-IMG_MAX_573197.png,2259,train
2265-IMG_MAX_573239.png,2265,train
2265-IMG_MAX_573240.png,2265,train
2265-IMG_MAX_573246.png,2265,train
2266-IMG_MAX_573253.png,2266,train
2266-IMG_MAX_573254.png,2266,train
2266-IMG_MAX_573255.png,2266,train
2289-IMG_MAX_613236.png,2289,train
2289-IMG_MAX_613237.png,2289,train
2289-IMG_MAX_613406.png,2289,train
2305-IMG_MAX_626651.png,2305,train
2305-IMG_MAX_626652.png,2305,train
2305-IMG_MAX_626653.png,2305,train
2309-IMG_MAX_626699.png,2309,train
2309-IMG_MAX_626700.png,2309,train
2309-IMG_MAX_626701.png,2309,train
2324-IMG_MAX_626893.png,2324,train
2324-IMG_MAX_626894.png,2324,train
2324-IMG_MAX_626895.png,2324,train
2329-IMG_MAX_626996.png,2329,train
2329-IMG_MAX_626997.png,2329,train
2329-IMG_MAX_626998.png,2329,train
2337-IMG_MAX_62758.png,2337,train
2337-IMG_MAX_62759.png,2337,train
2337-IMG_MAX_62760.png,2337,train
2348-IMG_MAX_63008.png,2348,train
2348-IMG_MAX_63009.png,2348,train
2348-IMG_MAX_63010.png,2348,train
2356-IMG_MAX_63090.png,2356,train
2356-IMG_MAX_63091.png,2356,train
2356-IMG_MAX_63092.png,2356,train
2375-IMG_MAX_63606.png,2375,train
2375-IMG_MAX_63612.png,2375,train
2375-IMG_MAX_63620.png,2375,train
2389-IMG_MAX_63929.png,2389,train
2389-IMG_MAX_63936.png,2389,train
2389-IMG_MAX_64020.png,2389,train
2425-IMG_MAX_643436.png,2425,train
2425-IMG_MAX_968703.png,2425,train
2425-IMG_MAX_968704.png,2425,train
2426-IMG_MAX_65012.png,2426,train
2426-IMG_MAX_65018.png,2426,train
2426-IMG_MAX_65025.png,2426,train
2434-IMG_MAX_65112.png,2434,train
2434-IMG_MAX_65118.png,2434,train
2434-IMG_MAX_65125.png,2434,train
2452-IMG_MAX_655586.png,2452,train
2452-IMG_MAX_655587.png,2452,train
2452-IMG_MAX_655596.png,2452,train
2455-IMG_MAX_655682.png,2455,train
2455-IMG_MAX_655772.png,2455,train
2455-IMG_MAX_657233.png,2455,train
2459-IMG_MAX_655835.png,2459,train
2459-IMG_MAX_655836.png,2459,train
2459-IMG_MAX_657298.png,2459,train
2461-IMG_MAX_656021.png,2461,train
2461-IMG_MAX_657326.png,2461,train
2461-IMG_MAX_657327.png,2461,train
2466-IMG_MAX_656069.png,2466,train
2466-IMG_MAX_656070.png,2466,train
2466-IMG_MAX_656071.png,2466,train
2467-IMG_MAX_65614.png,2467,train
2467-IMG_MAX_65615.png,2467,train
2467-IMG_MAX_65618.png,2467,train
2470-IMG_MAX_65700.png,2470,train
2470-IMG_MAX_65707.png,2470,train
2470-IMG_MAX_65714.png,2470,train
2471-IMG_MAX_657247.png,2471,train
2471-IMG_MAX_85174.png,2471,train
2471-IMG_MAX_85175.png,2471,train
2479-IMG_MAX_65766.png,2479,train
2479-IMG_MAX_847015.png,2479,train
2479-IMG_MAX_847022.png,2479,train
2497-IMG_MAX_65821.png,2497,train
2497-IMG_MAX_926872.png,2497,train
2497-IMG_MAX_968739.png,2497,train
2504-IMG_MAX_65893.png,2504,train
2504-IMG_MAX_65900.png,2504,train
2504-IMG_MAX_65901.png,2504,train
2507-IMG_MAX_66007.png,2507,train
2507-IMG_MAX_66008.png,2507,train
2507-IMG_MAX_66009.png,2507,train
2512-IMG_MAX_66063.png,2512,train
2512-IMG_MAX_66069.png,2512,train
2512-IMG_MAX_66076.png,2512,train
2514-IMG_MAX_66096.png,2514,train
2514-IMG_MAX_66097.png,2514,train
2514-IMG_MAX_66098.png,2514,train
2539-IMG_MAX_84971.png,2539,train
2539-IMG_MAX_84978.png,2539,train
2539-IMG_MAX_84985.png,2539,train
2548-IMG_MAX_66287.png,2548,train
2548-IMG_MAX_66288.png,2548,train
2548-IMG_MAX_66289.png,2548,train
2550-IMG_MAX_662986.png,2550,train
2550-IMG_MAX_663035.png,2550,train
2550-IMG_MAX_85943.png,2550,train
2553-IMG_MAX_85087.png,2553,train
2553-IMG_MAX_85088.png,2553,train
2553-IMG_MAX_85089.png,2553,train
2554-IMG_MAX_663128.png,2554,train
2554-IMG_MAX_663382.png,2554,train
2554-IMG_MAX_663385.png,2554,train
2577-IMG_MAX_966349.png,2577,train
2577-IMG_MAX_966350.png,2577,train
2577-IMG_MAX_966530.png,2577,train
2626-IMG_MAX_820946.png,2626,train
2626-IMG_MAX_820947.png,2626,train
2626-IMG_MAX_820948.png,2626,train
2627-IMG_MAX_820990.png,2627,train
2627-IMG_MAX_820991.png,2627,train
2627-IMG_MAX_927120.png,2627,train
2634-IMG_MAX_821073.png,2634,train
2634-IMG_MAX_821075.png,2634,train
2634-IMG_MAX_821076.png,2634,train
2635-IMG_MAX_821100.png,2635,train
2635-IMG_MAX_821102.png,2635,train
2635-IMG_MAX_821103.png,2635,train
2644-IMG_MAX_821184.png,2644,train
2644-IMG_MAX_821185.png,2644,train
2644-IMG_MAX_821186.png,2644,train
2654-IMG_MAX_821363.png,2654,train
2654-IMG_MAX_821364.png,2654,train
2654-IMG_MAX_821365.png,2654,train
2655-IMG_MAX_821395.png,2655,train
2655-IMG_MAX_821404.png,2655,train
2655-IMG_MAX_821405.png,2655,train
2662-IMG_MAX_821513.png,2662,train
2662-IMG_MAX_821514.png,2662,train
2662-IMG_MAX_821515.png,2662,train
2675-IMG_MAX_824939.png,2675,train
2675-IMG_MAX_924614.png,2675,train
2675-IMG_MAX_954992.png,2675,train
2690-IMG_MAX_830606.png,2690,train
2690-IMG_MAX_830678.png,2690,train
2690-IMG_MAX_830679.png,2690,train
2691-IMG_MAX_830613.png,2691,train
2691-IMG_MAX_830619.png,2691,train
2691-IMG_MAX_830635.png,2691,train
2699-IMG_MAX_841908.png,2699,train
2699-IMG_MAX_841909.png,2699,train
2699-IMG_MAX_841910.png,2699,train
2702-IMG_MAX_845803.png,2702,train
2702-IMG_MAX_846637.png,2702,train
2702-IMG_MAX_846644.png,2702,train
2704-IMG_MAX_845833.png,2704,train
2704-IMG_MAX_845834.png,2704,train
2704-IMG_MAX_845835.png,2704,train
2708-IMG_MAX_845882.png,2708,train
2708-IMG_MAX_845889.png,2708,train
2708-IMG_MAX_846755.png,2708,train
2710-IMG_MAX_845933.png,2710,train
2710-IMG_MAX_845934.png,2710,train
2710-IMG_MAX_845942.png,2710,train
2745-IMG_MAX_846665.png,2745,train
2745-IMG_MAX_846671.png,2745,train
2745-IMG_MAX_846678.png,2745,train
2756-IMG_MAX_846811.png,2756,train
2756-IMG_MAX_846818.png,2756,train
2756-IMG_MAX_846825.png,2756,train
2769-IMG_MAX_847049.png,2769,train
2769-IMG_MAX_847063.png,2769,train
2769-IMG_MAX_847069.png,2769,train
2774-IMG_MAX_847242.png,2774,train
2774-IMG_MAX_847249.png,2774,train
2774-IMG_MAX_847256.png,2774,train
2785-IMG_MAX_847486.png,2785,train
2785-IMG_MAX_847487.png,2785,train
2785-IMG_MAX_847488.png,2785,train
2790-IMG_MAX_847554.png,2790,train
2790-IMG_MAX_847561.png,2790,train
2790-IMG_MAX_847567.png,2790,train
2798-IMG_MAX_848188.png,2798,train
2798-IMG_MAX_848197.png,2798,train
2798-IMG_MAX_848215.png,2798,train
2814-IMG_MAX_848631.png,2814,train
2814-IMG_MAX_848638.png,2814,train
2814-IMG_MAX_848644.png,2814,train
2835-IMG_MAX_849260.png,2835,train
2835-IMG_MAX_849261.png,2835,train
2835-IMG_MAX_849267.png,2835,train
2840-IMG_MAX_849564.png,2840,train
2840-IMG_MAX_849573.png,2840,train
2840-IMG_MAX_849582.png,2840,train
2850-IMG_MAX_85358.png,2850,train
2850-IMG_MAX_85359.png,2850,train
2850-IMG_MAX_85360.png,2850,train
2852-IMG_MAX_85376.png,2852,train
2852-IMG_MAX_85377.png,2852,train
2852-IMG_MAX_85383.png,2852,train
2887-IMG_MAX_8829.png,2887,train
2887-IMG_MAX_8830.png,2887,train
2887-IMG_MAX_8831.png,2887,train
2895-IMG_MAX_913134.png,2895,train
2895-IMG_MAX_913135.png,2895,train
2895-IMG_MAX_913136.png,2895,train
2904-IMG_MAX_913516.png,2904,train
2904-IMG_MAX_913518.png,2904,train
2904-IMG_MAX_913519.png,2904,train
2905-IMG_MAX_913524.png,2905,train
2905-IMG_MAX_913525.png,2905,train
2905-IMG_MAX_913526.png,2905,train
2909-IMG_MAX_916258.png,2909,train
2909-IMG_MAX_916259.png,2909,train
2909-IMG_MAX_916260.png,2909,train
2916-IMG_MAX_916677.png,2916,train
2916-IMG_MAX_916678.png,2916,train
2916-IMG_MAX_916685.png,2916,train
2922-IMG_MAX_919829.png,2922,train
2922-IMG_MAX_919835.png,2922,train
2922-IMG_MAX_919842.png,2922,train
2934-IMG_MAX_920017.png,2934,train
2934-IMG_MAX_920023.png,2934,train
2934-IMG_MAX_920029.png,2934,train
2936-IMG_MAX_920297.png,2936,train
2936-IMG_MAX_920303.png,2936,train
2936-IMG_MAX_920309.png,2936,train
2951-IMG_MAX_922323.png,2951,train
2951-IMG_MAX_922329.png,2951,train
2951-IMG_MAX_922330.png,2951,train
2970-IMG_MAX_924743.png,2970,train
2970-IMG_MAX_924748.png,2970,train
2970-IMG_MAX_924749.png,2970,train
2976-IMG_MAX_924858.png,2976,train
2976-IMG_MAX_924860.png,2976,train
2976-IMG_MAX_924861.png,2976,train
2986-IMG_MAX_925201.png,2986,train
2986-IMG_MAX_925202.png,2986,train
2986-IMG_MAX_925208.png,2986,train
2990-IMG_MAX_925283.png,2990,train
2990-IMG_MAX_966279.png,2990,train
2990-IMG_MAX_966280.png,2990,train
2993-IMG_MAX_926536.png,2993,train
2993-IMG_MAX_926542.png,2993,train
2993-IMG_MAX_926548.png,2993,train
2996-IMG_MAX_926616.png,2996,train
2996-IMG_MAX_926617.png,2996,train
2996-IMG_MAX_926618.png,2996,train
2997-IMG_MAX_926624.png,2997,train
2997-IMG_MAX_926625.png,2997,train
2997-IMG_MAX_926630.png,2997,train
3020-IMG_MAX_931510.png,3020,train
3020-IMG_MAX_931511.png,3020,train
3020-IMG_MAX_931512.png,3020,train
3028-IMG_MAX_931778.png,3028,train
3028-IMG_MAX_931779.png,3028,train
3028-IMG_MAX_931780.png,3028,train
3033-IMG_MAX_9403.png,3033,train
3033-IMG_MAX_9404.png,3033,train
3033-IMG_MAX_9405.png,3033,train
3050-IMG_MAX_951810.png,3050,train
3050-IMG_MAX_951815.png,3050,train
3050-IMG_MAX_951821.png,3050,train
3054-IMG_MAX_951871.png,3054,train
3054-IMG_MAX_951877.png,3054,train
3054-IMG_MAX_951879.png,3054,train
3064-IMG_MAX_954817.png,3064,train
3064-IMG_MAX_954818.png,3064,train
3064-IMG_MAX_954819.png,3064,train
3066-IMG_MAX_954876.png,3066,train
3066-IMG_MAX_954878.png,3066,train
3066-IMG_MAX_954879.png,3066,train
3089-IMG_MAX_957517.png,3089,train
3089-IMG_MAX_957523.png,3089,train
3089-IMG_MAX_957529.png,3089,train
3094-IMG_MAX_957739.png,3094,train
3094-IMG_MAX_957745.png,3094,train
3094-IMG_MAX_957751.png,3094,train
3113-IMG_MAX_965648.png,3113,train
3113-IMG_MAX_965649.png,3113,train
3113-IMG_MAX_965656.png,3113,train
3152-IMG_MAX_974676.png,3152,train
3152-IMG_MAX_974677.png,3152,train
3152-IMG_MAX_974678.png,3152,train
3153-IMG_MAX_974698.png,3153,train
3153-IMG_MAX_974702.png,3153,train
3153-IMG_MAX_974703.png,3153,train
3154-IMG_MAX_974709.png,3154,train
3154-IMG_MAX_974710.png,3154,train
3154-IMG_MAX_974711.png,3154,train
3166-IMG_MAX_974879.png,3166,train
3166-IMG_MAX_974880.png,3166,train
3166-IMG_MAX_974881.png,3166,train
3167-IMG_MAX_974887.png,3167,train
3167-IMG_MAX_974888.png,3167,train
3167-IMG_MAX_974889.png,3167,train
3188-IMG_MAX_975466.png,3188,train
3188-IMG_MAX_975472.png,3188,train
3188-IMG_MAX_975477.png,3188,train
3189-IMG_MAX_975489.png,3189,train
3189-IMG_MAX_975495.png,3189,train
3189-IMG_MAX_975502.png,3189,train
3204-IMG_MAX_975726.png,3204,train
3204-IMG_MAX_975727.png,3204,train
3204-IMG_MAX_975730.png,3204,train
3205-IMG_MAX_975736.png,3205,train
3205-IMG_MAX_975738.png,3205,train
3205-IMG_MAX_975744.png,3205,train
3215-IMG_MAX_977881.png,3215,train
3215-IMG_MAX_977882.png,3215,train
3215-IMG_MAX_977883.png,3215,train
3217-IMG_MAX_979120.png,3217,train
3217-IMG_MAX_979121.png,3217,train
3217-IMG_MAX_979122.png,3217,train
3227-IMG_MAX_978068.png,3227,train
3227-IMG_MAX_978078.png,3227,train
3227-IMG_MAX_978079.png,3227,train
3228-IMG_MAX_978085.png,3228,train
3228-IMG_MAX_978086.png,3228,train
3228-IMG_MAX_978087.png,3228,train
3236-IMG_MAX_978528.png,3236,train
3236-IMG_MAX_978529.png,3236,train
3236-IMG_MAX_978530.png,3236,train
3241-IMG_MAX_978636.png,3241,train
3241-IMG_MAX_978637.png,3241,train
3241-IMG_MAX_978638.png,3241,train
3246-IMG_MAX_978774.png,3246,train
3246-IMG_MAX_978775.png,3246,train
3246-IMG_MAX_978776.png,3246,train
3252-IMG_MAX_978898.png,3252,train
3252-IMG_MAX_978899.png,3252,train
3252-IMG_MAX_978900.png,3252,train
3256-IMG_MAX_978968.png,3256,train
3256-IMG_MAX_978969.png,3256,train
3256-IMG_MAX_978970.png,3256,train
3261-IMG_MAX_979081.png,3261,train
3261-IMG_MAX_979082.png,3261,train
3261-IMG_MAX_979083.png,3261,train
3268-IMG_MAX_979330.png,3268,train
3268-IMG_MAX_979333.png,3268,train
3268-IMG_MAX_979334.png,3268,train
3273-IMG_MAX_979459.png,3273,train
3273-IMG_MAX_979460.png,3273,train
3273-IMG_MAX_979461.png,3273,train
3277-IMG_MAX_979550.png,3277,train
3277-IMG_MAX_979551.png,3277,train
3277-IMG_MAX_979552.png,3277,train
3290-IMG_MAX_986851.png,3290,train
3290-IMG_MAX_986858.png,3290,train
3290-IMG_MAX_986859.png,3290,train
3293-IMG_MAX_986901.png,3293,train
3293-IMG_MAX_986902.png,3293,train
3293-IMG_MAX_986909.png,3293,train
3316-IMG_MAX_987189.png,3316,train
3316-IMG_MAX_987190.png,3316,train
3316-IMG_MAX_987191.png,3316,train
3322-IMG_MAX_987266.png,3322,train
3322-IMG_MAX_987267.png,3322,train
3322-IMG_MAX_987268.png,3322,train
3332-IMG_MAX_988124.png,3332,train
3332-IMG_MAX_988125.png,3332,train
3332-IMG_MAX_988219.png,3332,train
3335-IMG_MAX_988146.png,3335,train
3335-IMG_MAX_988147.png,3335,train
3335-IMG_MAX_988155.png,3335,train
3351-IMG_MAX_990009.png,3351,train
3351-IMG_MAX_990157.png,3351,train
3351-IMG_MAX_990158.png,3351,train
3352-IMG_MAX_990021.png,3352,train
3352-IMG_MAX_990022.png,3352,train
3352-IMG_MAX_990367.png,3352,train
3361-IMG_MAX_990115.png,3361,train
3361-IMG_MAX_990181.png,3361,train
3361-IMG_MAX_990195.png,3361,train
3372-IMG_MAX_991017.png,3372,train
3372-IMG_MAX_991018.png,3372,train
3372-IMG_MAX_991019.png,3372,train
3376-IMG_MAX_991156.png,3376,train
3376-IMG_MAX_991157.png,3376,train
3376-IMG_MAX_991158.png,3376,train
3386-IMG_MAX_991280.png,3386,train
3386-IMG_MAX_991281.png,3386,train
3386-IMG_MAX_991283.png,3386,train
3387-IMG_MAX_991288.png,3387,train
3387-IMG_MAX_991289.png,3387,train
3387-IMG_MAX_991290.png,3387,train
3396-IMG_MAX_991476.png,3396,train
3396-IMG_MAX_991477.png,3396,train
3396-IMG_MAX_991478.png,3396,train
